{"url":"https:\/\/gkyw.ru\/rest\/batch.json","info":{"url":"https:\/\/gkyw.ru\/rest\/batch.json","content_type":"text\/html; charset=UTF-8","http_code":500,"header_size":707,"request_size":192,"filetime":-1,"ssl_verify_result":0,"redirect_count":0,"total_time":0.655073,"namelookup_time":0.004184,"connect_time":0.004271,"pretransfer_time":0.112792,"size_upload":1153,"size_download":2426,"speed_download":3703,"speed_upload":1760,"download_content_length":2426,"upload_content_length":1153,"starttransfer_time":0.112894,"redirect_time":0,"redirect_url":"","primary_ip":"192.168.0.81","certinfo":[],"primary_port":443,"local_ip":"192.168.0.81","local_port":58256},"params":{"method":"batch","params":{"cmd":["lists.element.update?IBLOCK_TYPE_ID=lists\u0026IBLOCK_ID=28\u0026ELEMENT_ID=2591592\u0026FIELDS%5BNAME%5D=%D0%92%D1%8B%D0%B4%D0%B0%D1%87%D0%B0+%D0%BD%D0%B0%D0%BB%D0%B8%D1%87%D0%BD%D1%8B%D1%85+%D1%81%D0%BE%D1%82%D1%80%D1%83%D0%B4%D0%BD%D0%B8%D0%BA%D1%83\u0026FIELDS%5BPROPERTY_147%5D=-7000\u0026FIELDS%5BPROPERTY_156%5D=0\u0026FIELDS%5BPROPERTY_164%5D=593\u0026FIELDS%5BPROPERTY_146%5D=2024-02-21\u0026FIELDS%5BPROPERTY_163%5D=96\u0026FIELDS%5BPROPERTY_157%5D=2612185\u0026FIELDS%5BPROPERTY_155%5D=0\u0026FIELDS%5BPROPERTY_159%5D=0\u0026FIELDS%5BPROPERTY_158%5D=\u0026FIELDS%5BPROPERTY_165%5D=%D0%96%D0%B5%D0%BB%D0%B5%D0%B7%D0%BD%D0%BE%D0%B2+%D1%84%D0%B5%D0%B2%D1%80%D0%B0%D0%BB%D1%8C\u0026FIELDS%5BPROPERTY_161%5D=2612185\u0026FIELDS%5BPROPERTY_160%5D=1\u0026FIELDS%5BPROPERTY_254%5D=0\u0026FIELDS%5BPROPERTY_271%5D=\u0026FIELDS%5BPROPERTY_270%5D="],"halt":0,"auth":"9197e565005868f4005843ea000001e70000076abab2386d3f2e04e7f0bb131546a215"}},"result":null}