{"url":"https:\/\/gkyw.ru\/rest\/batch.json","info":{"url":"https:\/\/gkyw.ru\/rest\/batch.json","content_type":"application\/json; charset=utf-8","http_code":200,"header_size":772,"request_size":192,"filetime":-1,"ssl_verify_result":0,"redirect_count":0,"total_time":0.600985,"namelookup_time":0.004168,"connect_time":0.004249,"pretransfer_time":0.107333,"size_upload":8451,"size_download":920,"speed_download":1530,"speed_upload":14061,"download_content_length":920,"upload_content_length":8451,"starttransfer_time":0.107437,"redirect_time":0,"redirect_url":"","primary_ip":"192.168.0.81","certinfo":[],"primary_port":443,"local_ip":"192.168.0.81","local_port":2446},"params":{"method":"batch","params":{"cmd":["lists.element.update?IBLOCK_TYPE_ID=lists\u0026IBLOCK_ID=28\u0026ELEMENT_ID=2631559\u0026FIELDS%5BNAME%5D=10284\u0026FIELDS%5BPROPERTY_149%5D=10284\u0026FIELDS%5BPROPERTY_146%5D=2024-02-29\u0026FIELDS%5BPROPERTY_147%5D=-500.0000\u0026FIELDS%5BPROPERTY_152%5D=8\u0026FIELDS%5BPROPERTY_150%5D=7706092528\u0026FIELDS%5BPROPERTY_151%5D=%D0%A4-%D0%BB+%D0%9F%D1%80%D0%B8%D0%B2%D0%BE%D0%BB%D0%B6%D1%81%D0%BA%D0%B8%D0%B9+%D0%9F%D0%90%D0%9E+%D0%91%D0%B0%D0%BD%D0%BA+%22%D0%A4%D0%9A+%D0%9E%D1%82%D0%BA%D1%80%D1%8B%D1%82%D0%B8%D0%B5%22\u0026FIELDS%5BPROPERTY_154%5D=%D0%9A%D0%BE%D0%BC%D0%B8%D1%81%D1%81%D0%B8%D1%8F+%D0%B7%D0%B0+%D0%BF%D1%80%D0%BE%D0%B2%D0%B5%D1%80%D0%BA%D1%83+%D0%BD%D0%B0%D0%BB%D0%B8%D1%87%D0%B8%D1%8F+%D0%B7%D0%B0%D1%80%D0%B0%D0%BD%D0%B5%D0%B5+%D0%B4%D0%B0%D0%BD%D0%BD%D0%BE%D0%B3%D0%BE+%D0%B0%D0%BA%D1%86%D0%B5%D0%BF%D1%82%D0%B0+%D0%BF%D0%BE+%D0%BF%D0%BB%D0%B0%D1%82%D0%B5%D0%B6%D0%BD%D1%8B%D0%BC+%D1%82%D1%80%D0%B5%D0%B1%D0%BE%D0%B2%D0%B0%D0%BD%D0%B8%D1%8F%D0%BC%2C+%D0%B2%D1%8B%D1%81%D1%82%D0%B0%D0%B2%D0%BB%D1%8F%D0%B5%D0%BC%D1%8B%D0%BC+%D0%9A%D0%BB%D0%B8%D0%B5%D0%BD%D1%82%D1%83+%D0%BF%D0%BE%D0%BB%D1%83%D1%87%D0%B0%D1%82%D0%B5%D0%BB%D1%8F%D0%BC%D0%B8+%D1%81%D1%80%D0%B5%D0%B4%D1%81%D1%82%D0%B2+%D0%B7%D0%B0+%D0%BF%D0%B5%D1%80%D0%B8%D0%BE%D0%B4+%D1%81+%2701%2F02%2F2024%27+%D0%BF%D0%BE+%2729%2F02%2F2024%27.+%D0%9D%D0%94%D0%A1+%D0%BD%D0%B5+%D0%BE%D0%B1%D0%BB%D0%B0%D0%B3%D0%B0%D0%B5%D1%82%D1%81%D1%8F.+%D0%A1%D0%BE%D0%B3%D0%BB%D0%B0%D1%81%D0%BD%D0%BE+%D0%BF.+2.4.+%D0%A1%D0%B1%D0%BE%D1%80%D0%BD%D0%B8%D0%BA%D0%B0+%D0%A2%D0%B0%D1%80%D0%B8%D1%84%D0%BE%D0%B2.\u0026FIELDS%5BPROPERTY_153%5D=40702810000280002670\u0026FIELDS%5BPROPERTY_155%5D=D_46109\u0026FIELDS%5BPROPERTY_160%5D=0\u0026FIELDS%5BPROPERTY_156%5D=0\u0026FIELDS%5BPROPERTY_163%5D=60\u0026FIELDS%5BPROPERTY_162%5D=2024-03-05\u0026FIELDS%5BPROPERTY_157%5D=262707\u0026FIELDS%5BPROPERTY_159%5D=%3Ca+href%3D%22%2Fcompany%2Fpersonal%2Fuser%2F60%2Ftasks%2Ftask%2Fview%2F262707%2F%22%3E%D0%9A%D0%BE%D0%BC%D0%B8%D1%81%D1%81%D0%B8%D1%8F+%D0%B1%D0%B0%D0%BD%D0%BA%D0%B0%3C%2Fa%3E\u0026FIELDS%5BPROPERTY_158%5D=\u0026FIELDS%5BPROPERTY_148%5D=-500\u0026FIELDS%5BPROPERTY_165%5D=\u0026FIELDS%5BPROPERTY_166%5D=0\u0026FIELDS%5BPROPERTY_161%5D=0\u0026FIELDS%5BPROPERTY_260%5D=CO_1820","lists.element.update?IBLOCK_TYPE_ID=lists\u0026IBLOCK_ID=28\u0026ELEMENT_ID=2631570\u0026FIELDS%5BNAME%5D=11140\u0026FIELDS%5BPROPERTY_149%5D=11140\u0026FIELDS%5BPROPERTY_146%5D=2024-02-29\u0026FIELDS%5BPROPERTY_147%5D=-2990.0000\u0026FIELDS%5BPROPERTY_152%5D=8\u0026FIELDS%5BPROPERTY_150%5D=7706092528\u0026FIELDS%5BPROPERTY_151%5D=%D0%A4-%D0%BB+%D0%9F%D1%80%D0%B8%D0%B2%D0%BE%D0%BB%D0%B6%D1%81%D0%BA%D0%B8%D0%B9+%D0%9F%D0%90%D0%9E+%D0%91%D0%B0%D0%BD%D0%BA+%22%D0%A4%D0%9A+%D0%9E%D1%82%D0%BA%D1%80%D1%8B%D1%82%D0%B8%D0%B5%22\u0026FIELDS%5BPROPERTY_154%5D=%D0%90%D0%B1%D0%BE%D0%BD%D0%B5%D0%BD%D1%82%D1%81%D0%BA%D0%B0%D1%8F+%D0%BF%D0%BB%D0%B0%D1%82%D0%B0+%D0%B7%D0%B0+%D0%BF%D0%B0%D0%BA%D0%B5%D1%82+%D1%83%D1%81%D0%BB%D1%83%D0%B3+%D0%9C%D0%A1%D0%91.%D0%91%D0%BE%D0%BB%D1%8C%D1%88%D0%B8%D0%B5+%D0%BF%D0%BB%D0%B0%D0%BD%D1%8B+%D0%B7%D0%B0+%D0%BF%D0%B5%D1%80%D0%B8%D0%BE%D0%B4+c+01%2F03%2F2024+%D0%BF%D0%BE+31%2F03%2F2024.+%D0%9D%D0%94%D0%A1+%D0%BD%D0%B5+%D0%BE%D0%B1%D0%BB%D0%B0%D0%B3%D0%B0%D0%B5%D1%82%D1%81%D1%8F.\u0026FIELDS%5BPROPERTY_153%5D=40702810000280002670\u0026FIELDS%5BPROPERTY_155%5D=D_46109\u0026FIELDS%5BPROPERTY_160%5D=0\u0026FIELDS%5BPROPERTY_156%5D=0\u0026FIELDS%5BPROPERTY_163%5D=60\u0026FIELDS%5BPROPERTY_162%5D=2024-03-05\u0026FIELDS%5BPROPERTY_157%5D=262707\u0026FIELDS%5BPROPERTY_159%5D=%3Ca+href%3D%22%2Fcompany%2Fpersonal%2Fuser%2F60%2Ftasks%2Ftask%2Fview%2F262707%2F%22%3E%D0%9A%D0%BE%D0%BC%D0%B8%D1%81%D1%81%D0%B8%D1%8F+%D0%B1%D0%B0%D0%BD%D0%BA%D0%B0%3C%2Fa%3E\u0026FIELDS%5BPROPERTY_158%5D=\u0026FIELDS%5BPROPERTY_148%5D=-2990\u0026FIELDS%5BPROPERTY_165%5D=\u0026FIELDS%5BPROPERTY_166%5D=0\u0026FIELDS%5BPROPERTY_161%5D=0\u0026FIELDS%5BPROPERTY_260%5D=CO_1820","lists.element.update?IBLOCK_TYPE_ID=lists\u0026IBLOCK_ID=28\u0026ELEMENT_ID=2631569\u0026FIELDS%5BNAME%5D=2448\u0026FIELDS%5BPROPERTY_149%5D=2448\u0026FIELDS%5BPROPERTY_146%5D=2024-02-29\u0026FIELDS%5BPROPERTY_147%5D=-400.0000\u0026FIELDS%5BPROPERTY_152%5D=8\u0026FIELDS%5BPROPERTY_150%5D=7706092528\u0026FIELDS%5BPROPERTY_151%5D=%D0%A4-%D0%BB+%D0%9F%D1%80%D0%B8%D0%B2%D0%BE%D0%BB%D0%B6%D1%81%D0%BA%D0%B8%D0%B9+%D0%9F%D0%90%D0%9E+%D0%91%D0%B0%D0%BD%D0%BA+%22%D0%A4%D0%9A+%D0%9E%D1%82%D0%BA%D1%80%D1%8B%D1%82%D0%B8%D0%B5%22\u0026FIELDS%5BPROPERTY_154%5D=%D0%9A%D0%BE%D0%BC%D0%B8%D1%81%D1%81%D0%B8%D1%8F+%D1%81%D0%BE%D0%B3%D0%BB%D0%B0%D1%81%D0%BD%D0%BE+%D0%BF.2.1.4.+%D0%A2%D0%B0%D1%80%D0%B8%D1%84%D0%BE%D0%B2+%D0%91%D0%B0%D0%BD%D0%BA%D0%B0+%D0%B7%D0%B0+%D0%BC%D0%B5%D0%B6%D0%B1%D0%B0%D0%BD%D0%BA%D0%BE%D0%B2%D1%81%D0%BA%D0%B8%D0%B5+%D0%BF%D0%BB%D0%B0%D1%82%D0%B5%D0%B6%D0%B8%2C+%D0%BF%D0%B5%D1%80%D0%B5%D0%B4%D0%B0%D0%BD%D0%BD%D1%8B%D0%B5+%D0%B2+%D0%91%D0%B0%D0%BD%D0%BA+%D1%81+%D0%B8%D1%81%D0%BF%D0%BE%D0%BB%D1%8C%D0%B7%D0%BE%D0%B2%D0%B0%D0%BD%D0%B8%D0%B5%D0%BC+%D1%81%D0%B8%D1%81%D1%82%D0%B5%D0%BC+%D0%94%D0%91%D0%9E%2C+%D0%B7%D0%B0+%D0%BF%D0%B5%D1%80%D0%B8%D0%BE%D0%B4+%D1%81+%2729%2F02%2F2024%27+%D0%BF%D0%BE+%2729%2F02%2F2024%27.+%D0%9D%D0%94%D0%A1+%D0%BD%D0%B5+%D0%BE%D0%B1%D0%BB%D0%B0%D0%B3%D0%B0%D0%B5%D1%82%D1%81%D1%8F.\u0026FIELDS%5BPROPERTY_153%5D=40702810000280002670\u0026FIELDS%5BPROPERTY_155%5D=D_46109\u0026FIELDS%5BPROPERTY_160%5D=0\u0026FIELDS%5BPROPERTY_156%5D=0\u0026FIELDS%5BPROPERTY_163%5D=60\u0026FIELDS%5BPROPERTY_162%5D=2024-03-05\u0026FIELDS%5BPROPERTY_157%5D=262707\u0026FIELDS%5BPROPERTY_159%5D=%3Ca+href%3D%22%2Fcompany%2Fpersonal%2Fuser%2F60%2Ftasks%2Ftask%2Fview%2F262707%2F%22%3E%D0%9A%D0%BE%D0%BC%D0%B8%D1%81%D1%81%D0%B8%D1%8F+%D0%B1%D0%B0%D0%BD%D0%BA%D0%B0%3C%2Fa%3E\u0026FIELDS%5BPROPERTY_158%5D=\u0026FIELDS%5BPROPERTY_148%5D=-400\u0026FIELDS%5BPROPERTY_165%5D=\u0026FIELDS%5BPROPERTY_166%5D=0\u0026FIELDS%5BPROPERTY_161%5D=0\u0026FIELDS%5BPROPERTY_260%5D=CO_1820"],"halt":0,"auth":"4cbfe665005868f4005843ea000001e700000770fb79b7c1bca331d6acf2f5ac6fd3a5"}},"result":{"result":{"result":[true,true,true],"result_error":[],"result_total":[],"result_next":[],"result_time":[{"start":1709619679.410104,"finish":1709619679.58979,"duration":0.1796860694885254,"processing":0.1796131134033203,"date_start":"2024-03-05T09:21:19+03:00","date_finish":"2024-03-05T09:21:19+03:00"},{"start":1709619679.589857,"finish":1709619679.621456,"duration":0.031598806381225586,"processing":0.031538963317871094,"date_start":"2024-03-05T09:21:19+03:00","date_finish":"2024-03-05T09:21:19+03:00"},{"start":1709619679.62152,"finish":1709619679.653618,"duration":0.03209805488586426,"processing":0.03204488754272461,"date_start":"2024-03-05T09:21:19+03:00","date_finish":"2024-03-05T09:21:19+03:00"}]},"time":{"start":1709619679.188846,"finish":1709619679.653638,"duration":0.46479177474975586,"processing":0.24365687370300293,"date_start":"2024-03-05T09:21:19+03:00","date_finish":"2024-03-05T09:21:19+03:00"}}}