{"url":"https:\/\/gkyw.ru\/rest\/batch.json","info":{"url":"https:\/\/gkyw.ru\/rest\/batch.json","content_type":"text\/html; charset=UTF-8","http_code":500,"header_size":707,"request_size":192,"filetime":-1,"ssl_verify_result":0,"redirect_count":0,"total_time":0.472067,"namelookup_time":0.0123,"connect_time":0.012428,"pretransfer_time":0.123105,"size_upload":1040,"size_download":2426,"speed_download":5139,"speed_upload":2203,"download_content_length":2426,"upload_content_length":1040,"starttransfer_time":0.123223,"redirect_time":0,"redirect_url":"","primary_ip":"192.168.0.81","certinfo":[],"primary_port":443,"local_ip":"192.168.0.81","local_port":40930},"params":{"method":"batch","params":{"cmd":["lists.element.update?IBLOCK_TYPE_ID=lists\u0026IBLOCK_ID=28\u0026ELEMENT_ID=2791655\u0026FIELDS%5BNAME%5D=%D0%92%D1%8B%D0%B4%D0%B0%D1%87%D0%B0+%D0%BD%D0%B0%D0%BB%D0%B8%D1%87%D0%BD%D1%8B%D1%85+%D1%81%D0%BE%D1%82%D1%80%D1%83%D0%B4%D0%BD%D0%B8%D0%BA%D1%83\u0026FIELDS%5BPROPERTY_147%5D=-8000\u0026FIELDS%5BPROPERTY_156%5D=0\u0026FIELDS%5BPROPERTY_164%5D=157\u0026FIELDS%5BPROPERTY_146%5D=2024-03-20\u0026FIELDS%5BPROPERTY_163%5D=96\u0026FIELDS%5BPROPERTY_157%5D=2817525\u0026FIELDS%5BPROPERTY_155%5D=0\u0026FIELDS%5BPROPERTY_159%5D=0\u0026FIELDS%5BPROPERTY_158%5D=\u0026FIELDS%5BPROPERTY_165%5D=%D0%BC%D0%B0%D1%80%D1%82\u0026FIELDS%5BPROPERTY_161%5D=2817525\u0026FIELDS%5BPROPERTY_160%5D=1\u0026FIELDS%5BPROPERTY_254%5D=0\u0026FIELDS%5BPROPERTY_271%5D=\u0026FIELDS%5BPROPERTY_270%5D="],"halt":0,"auth":"01250c66005868f4005843ea000001e7000007d48280b81d7a0acc674d1040a99ccb84"}},"result":null}