{"url":"https:\/\/gkyw.ru\/rest\/batch.json","info":{"url":"https:\/\/gkyw.ru\/rest\/batch.json","content_type":"text\/html; charset=UTF-8","http_code":500,"header_size":707,"request_size":192,"filetime":-1,"ssl_verify_result":0,"redirect_count":0,"total_time":0.640567,"namelookup_time":0.004221,"connect_time":0.004335,"pretransfer_time":0.114964,"size_upload":1245,"size_download":2426,"speed_download":3787,"speed_upload":1943,"download_content_length":2426,"upload_content_length":1245,"starttransfer_time":0.115087,"redirect_time":0,"redirect_url":"","primary_ip":"192.168.0.81","certinfo":[],"primary_port":443,"local_ip":"192.168.0.81","local_port":32080},"params":{"method":"batch","params":{"cmd":["lists.element.update?IBLOCK_TYPE_ID=lists\u0026IBLOCK_ID=28\u0026ELEMENT_ID=2974828\u0026FIELDS%5BNAME%5D=%D0%92%D1%8B%D0%B4%D0%B0%D1%87%D0%B0+%D0%BD%D0%B0%D0%BB%D0%B8%D1%87%D0%BD%D1%8B%D1%85+%D1%81%D0%BE%D1%82%D1%80%D1%83%D0%B4%D0%BD%D0%B8%D0%BA%D1%83\u0026FIELDS%5BPROPERTY_147%5D=-500\u0026FIELDS%5BPROPERTY_156%5D=0\u0026FIELDS%5BPROPERTY_164%5D=310\u0026FIELDS%5BPROPERTY_146%5D=2024-04-18\u0026FIELDS%5BPROPERTY_163%5D=96\u0026FIELDS%5BPROPERTY_157%5D=262448\u0026FIELDS%5BPROPERTY_155%5D=D_47099\u0026FIELDS%5BPROPERTY_159%5D=%3Ca+href%3D%22%2Fcompany%2Fpersonal%2Fuser%2F96%2Ftasks%2Ftask%2Fview%2F262448%2F%22%3E%D0%92%D0%9E%D0%97%D0%92%D0%A0%D0%90%D0%A2%D0%9D%D0%AB%D0%95+%D0%A1%D0%A0%D0%95%D0%94%D0%A1%D0%A2%D0%92%D0%90%3C%2Fa%3E\u0026FIELDS%5BPROPERTY_158%5D=\u0026FIELDS%5BPROPERTY_165%5D=\u0026FIELDS%5BPROPERTY_160%5D=1\u0026FIELDS%5BPROPERTY_161%5D=0\u0026FIELDS%5BPROPERTY_254%5D="],"halt":0,"auth":"916b2266005868f4005843ea000001e7000007afa820df5825206f2117876e2a2161f4"}},"result":null}